Model,Accuracy,Precision,Recall,F1 Score,ROC AUC
XGBoost,0.8708414872798435,0.18461538461538463,0.48,0.26666666666666666,0.8242181069958848
Logistic Regression,0.7465753424657534,0.1384083044982699,0.8,0.2359882005899705,0.8436625514403292
SVM,0.7622309197651663,0.1274131274131274,0.66,0.21359223300970873,0.8016255144032921
Gaussian Naive Bayes,0.32289628180039137,0.06621621621621622,0.98,0.1240506329113924,0.787119341563786
Decision Tree,0.9295499021526419,0.15625,0.1,0.12195121951219512,0.5361111111111111
Extra Trees,0.9412915851272016,0.14285714285714285,0.04,0.0625,0.713343621399177
Gradient Boosting,0.9500978473581213,0.3333333333333333,0.02,0.03773584905660377,0.8299588477366255
Random Forest,0.9500978473581213,0.0,0.0,0.0,0.7786316872427983
KNN,0.9500978473581213,0.0,0.0,0.0,0.647582304526749
AdaBoost,0.9510763209393346,0.0,0.0,0.0,0.8270884773662552
Hard Voting,0.9471624266144814,0.0,0.0,0.0,
